id,cell,directive,value,status
tactics-00158,,,,complete
tactics-00159,,,,complete
tactics-00160,,,,complete
tactics-00161,,,,complete
tactics-00162,vertical_stack|person,,,complete_point_sample
tactics-00163,vertical_stack|zone_cup,,,complete_point_sample
tactics-00164,horizontal_stack|person,,,complete_point_sample
tactics-00165,horizontal_stack|zone_cup,,,complete_point_sample
tactics-00166,split_stack|person,,,complete_point_sample
tactics-00167,split_stack|zone_cup,,,complete_point_sample
tactics-00168,side_stack|person,,,complete_point_sample
tactics-00169,side_stack|zone_cup,,,complete_point_sample
tactics-00170,motion_offense|person,,,complete_point_sample
tactics-00171,motion_offense|zone_cup,,,complete_point_sample
tactics-00172,hex_offense|person,,,complete_point_sample
tactics-00173,hex_offense|zone_cup,,,complete_point_sample
tactics-00174,zone_offense|person,,,complete_point_sample
tactics-00175,zone_offense|zone_cup,,,complete_point_sample
tactics-00176,horizontal_stack|zone_wall,,,complete_point_sample
tactics-00177,zone_offense|zone_wall,,,complete_point_sample
tactics-00178,horizontal_stack|clam,,,complete_point_sample
tactics-00179,zone_offense|clam,,,complete_point_sample
tactics-00180,horizontal_stack|all_person,,,complete_point_sample
tactics-00181,zone_offense|all_person,,,complete_point_sample
tactics-00182,vertical_stack|person,,,complete_point_sample
tactics-00183,vertical_stack|zone_cup,,,complete_point_sample
tactics-00184,horizontal_stack|person,,,complete_point_sample
tactics-00185,horizontal_stack|zone_cup,,,complete_point_sample
tactics-00186,split_stack|person,,,complete_point_sample
tactics-00187,split_stack|zone_cup,,,complete_point_sample
tactics-00188,side_stack|person,,,complete_point_sample
tactics-00189,side_stack|zone_cup,,,complete_point_sample
tactics-00190,motion_offense|person,,,complete_point_sample
tactics-00191,motion_offense|zone_cup,,,complete_point_sample
tactics-00192,hex_offense|person,,,complete_point_sample
tactics-00193,hex_offense|zone_cup,,,complete_point_sample
tactics-00194,zone_offense|person,,,complete_point_sample
tactics-00195,zone_offense|zone_cup,,,complete_point_sample
tactics-00196,horizontal_stack|zone_wall,,,complete_point_sample
tactics-00197,zone_offense|zone_wall,,,complete_point_sample
tactics-00198,horizontal_stack|clam,,,complete_point_sample
tactics-00199,zone_offense|clam,,,complete_point_sample
tactics-00200,horizontal_stack|all_person,,,complete_point_sample
tactics-00201,zone_offense|all_person,,,complete_point_sample
tactics-00202,,creativity,0,complete_point_sample
tactics-00203,,creativity,-1,complete_point_sample
tactics-00204,,creativity,1,complete_point_sample
tactics-00205,,huckAppetite,0,complete_point_sample
tactics-00206,,huckAppetite,-1,complete_point_sample
tactics-00207,,huckAppetite,1,complete_point_sample
tactics-00208,,breakAppetite,0,complete_point_sample
tactics-00209,,breakAppetite,-1,complete_point_sample
tactics-00210,,breakAppetite,1,complete_point_sample
tactics-00211,,passSelectivity,0,complete_point_sample
tactics-00212,,passSelectivity,-1,complete_point_sample
tactics-00213,,passSelectivity,1,complete_point_sample
tactics-00214,,possessionTempo,0,complete_point_sample
tactics-00215,,possessionTempo,-1,complete_point_sample
tactics-00216,,possessionTempo,1,complete_point_sample
tactics-00217,,stackDepth,0,complete_point_sample
tactics-00218,,stackDepth,-1,complete_point_sample
tactics-00219,,stackDepth,1,complete_point_sample
tactics-00220,,coverageShade,0,complete_point_sample
tactics-00221,,coverageShade,-1,complete_point_sample
tactics-00222,,coverageShade,1,complete_point_sample
tactics-00223,,cushionDepth,0,complete_point_sample
tactics-00224,,cushionDepth,-1,complete_point_sample
tactics-00225,,cushionDepth,1,complete_point_sample
tactics-00226,,markShape,0,complete_point_sample
tactics-00227,,markShape,-1,complete_point_sample
tactics-00228,,markShape,1,complete_point_sample
tactics-00229,,poachSeeking,0,complete_point_sample
tactics-00230,,poachSeeking,-1,complete_point_sample
tactics-00231,,poachSeeking,1,complete_point_sample
tactics-00232,,helpDeep,0,complete_point_sample
tactics-00233,,helpDeep,-1,complete_point_sample
tactics-00234,,helpDeep,1,complete_point_sample
tactics-00235,,poachResetHandler,0,complete_point_sample
tactics-00236,,poachResetHandler,1,complete_point_sample
tactics-00237,,creativity,0,complete_point_sample
tactics-00238,,creativity,-1,complete_point_sample
tactics-00239,,creativity,1,complete_point_sample
tactics-00240,,huckAppetite,0,complete_point_sample
tactics-00241,,huckAppetite,-1,complete_point_sample
tactics-00242,,huckAppetite,1,complete_point_sample
tactics-00243,,breakAppetite,0,complete_point_sample
tactics-00244,,breakAppetite,-1,complete_point_sample
tactics-00245,,breakAppetite,1,complete_point_sample
tactics-00246,,passSelectivity,0,complete_point_sample
tactics-00247,,passSelectivity,-1,complete_point_sample
tactics-00248,,passSelectivity,1,complete_point_sample
tactics-00249,,possessionTempo,0,complete_point_sample
tactics-00250,,possessionTempo,-1,complete_point_sample
tactics-00251,,possessionTempo,1,complete_point_sample
tactics-00252,,stackDepth,0,complete_point_sample
tactics-00253,,stackDepth,-1,complete_point_sample
tactics-00254,,stackDepth,1,complete_point_sample
tactics-00255,,coverageShade,0,complete_point_sample
tactics-00256,,coverageShade,-1,complete_point_sample
tactics-00257,,coverageShade,1,complete_point_sample
tactics-00258,,cushionDepth,0,complete_point_sample
tactics-00259,,cushionDepth,-1,complete_point_sample
tactics-00260,,cushionDepth,1,complete_point_sample
tactics-00261,,markShape,0,complete_point_sample
tactics-00262,,markShape,-1,complete_point_sample
tactics-00263,,markShape,1,complete_point_sample
tactics-00264,,poachSeeking,0,complete_point_sample
tactics-00265,,poachSeeking,-1,complete_point_sample
tactics-00266,,poachSeeking,1,complete_point_sample
tactics-00267,,helpDeep,0,complete_point_sample
tactics-00268,,helpDeep,-1,complete_point_sample
tactics-00269,,helpDeep,1,complete_point_sample
tactics-00270,,poachResetHandler,0,complete_point_sample
tactics-00271,,poachResetHandler,1,complete_point_sample
tactics-00272,,,,complete
tactics-00273,,,,complete
tactics-00274,,,,complete
tactics-00275,,,,complete
tactics-00276,,,,complete
tactics-00277,,,,complete
tactics-00278,,,,complete
tactics-00279,,,,complete
tactics-00280,,,,complete
tactics-00281,,,,complete
tactics-00282,,,,complete_external_check
tactics-00283,,,,complete_point_sample
tactics-00284,,,,complete_point_sample
tactics-00285,,,,complete_point_sample
tactics-00286,,,,complete_point_sample
tactics-00287,,,,complete_point_sample
tactics-00288,,,,complete_point_sample
tactics-00289,,,,complete_point_sample
tactics-00290,,,,complete_point_sample
tactics-00291,,,,complete_point_sample
tactics-00292,,,,complete_point_sample
tactics-00293,,,,complete_point_sample
tactics-00294,,,,complete_point_sample
tactics-00295,,,,complete_point_sample
tactics-00296,,,,complete_point_sample
tactics-00297,,,,complete_point_sample
tactics-00298,,,,complete_point_sample